-- phpMyAdmin SQL Dump
-- version 5.0.3
-- https://www.phpmyadmin.net/
--
-- Хост: 127.0.0.1
-- Время создания: Май 30 2021 г., 10:28
-- Версия сервера: 10.4.14-MariaDB
-- Версия PHP: 7.2.34

SET SQL_MODE = "NO_AUTO_VALUE_ON_ZERO";
START TRANSACTION;
SET time_zone = "+00:00";


/*!40101 SET @OLD_CHARACTER_SET_CLIENT=@@CHARACTER_SET_CLIENT */;
/*!40101 SET @OLD_CHARACTER_SET_RESULTS=@@CHARACTER_SET_RESULTS */;
/*!40101 SET @OLD_COLLATION_CONNECTION=@@COLLATION_CONNECTION */;
/*!40101 SET NAMES utf8mb4 */;

--
-- База данных: `radio_station_4`
--

-- --------------------------------------------------------

--
-- Структура таблицы `object`
--

CREATE TABLE `object` (
  `id` bigint(20) NOT NULL,
  `object_name` varchar(255) DEFAULT NULL,
  `price` double DEFAULT NULL,
  `type_id` bigint(20) DEFAULT NULL
) ENGINE=InnoDB DEFAULT CHARSET=utf8mb4;

--
-- Дамп данных таблицы `object`
--

INSERT INTO `object` (`id`, `object_name`, `price`, `type_id`) VALUES
(1, 'Р-136Р СТАЦІОНАРНІ', NULL, 7),
(2, 'Р-135РМ СТАЦІОНАРНІ', NULL, 7),
(3, 'Р-135Р АВТОМОБІЛЬНІ', NULL, 7),
(4, 'Р-161-15 АВТОМОБІЛЬНІ', NULL, 7),
(5, 'Р-135Р СТАЦІОНАРНІ', NULL, 7),
(6, 'Р-135 АВТОМОБІЛЬНІ', NULL, 7),
(7, 'Р-135РМ АВТОМОБІЛЬНІ', NULL, 7),
(8, 'Р-136 СТАЦІОНАРНІ', NULL, 7),
(9, 'Р-136 АВТОМОБІЛЬНІ', NULL, 7),
(10, 'Р-136Р АВТОМОБІЛЬНІ', NULL, 7),
(11, 'Р-135 СТАЦІОНАРНІ', NULL, 7),
(12, 'Р-136М АВТОМОБІЛЬНІ', NULL, 7),
(13, 'Р-136М СТАЦІОНАРНІ', NULL, 7),
(14, 'Р-161-5 АВТОМОБІЛЬНІ', NULL, 7),
(15, 'Р-161Б', NULL, 7),
(16, 'Р-161А1 АВТОМОБІЛЬНІ', NULL, 7),
(17, 'Р-161А2 АВТОМОБІЛЬНІ', NULL, 7),
(18, 'Р-161А2М АВТОМОБІЛЬНІ', NULL, 7),
(19, 'Р-161А2М1 АВТОМОБІЛЬНІ', NULL, 7),
(20, 'Р-161А2М2 АВТОМОБІЛЬНІ', NULL, 7),
(21, 'Р-161АПП АВТОМОБІЛЬНІ', NULL, 7),
(22, 'Р-140 АВТОМОБІЛЬНІ', NULL, 7),
(23, 'Р-140М АВТОМОБІЛЬНІ', NULL, 7),
(24, 'Р-140Д АВТОМОБІЛЬНІ', NULL, 7),
(25, 'Р-102 АВТОМОБІЛЬНІ', NULL, 7),
(26, 'Р-102М3 АВТОМОБІЛЬНІ', NULL, 7),
(27, 'Р-102 М2 АВТОМОБІЛЬНІ', NULL, 7),
(28, 'Р-102М АВТОМОБІЛЬНІ', NULL, 7),
(29, 'Р-141 АВТОМОБІЛЬНІ', NULL, 7),
(30, 'Р-141Р АВТОМОБІЛЬНІ', NULL, 7),
(31, 'БМД-1Р', NULL, 15),
(32, 'Р-161 СТАЦІОНАРНІ', NULL, 7),
(33, 'Р-161А1 СТАЦІОНАРНІ', NULL, 7),
(34, 'Р-161А2 СТАЦІОНАРНІ', NULL, 7),
(35, 'Р-161А2М СТАЦІОНАРНІ', NULL, 7),
(36, 'Р-161А2М1 СТАЦІОНАРНІ', NULL, 7),
(37, 'Р-161МБ1 СТАЦІОНАРНІ', NULL, 7),
(38, 'Р-161МБ2 СТАЦІОНАРНІ', NULL, 7),
(39, 'Р-161АПП СТАЦІОНАРНІ', NULL, 7),
(40, 'Р-140 СТАЦІОНАРНІ', NULL, 7),
(41, 'Р-140М СТАЦІОНАРНІ', NULL, 7),
(42, 'Р-140М БЛОЧНІ', NULL, 7),
(43, 'Р-102 СТАЦІОНАРНІ', NULL, 7),
(44, 'Р-102М СТАЦІОНАРНІ', NULL, 7),
(45, 'Р-102М2 СТАЦІОНАРНІ', NULL, 7),
(46, 'РАДІОСТАНЦІЯ КОРОТКОХВИЛЬОВА  Р-1150-02', NULL, 1),
(47, 'Р-167 АВТОМОБІЛЬНІ', NULL, 1),
(48, 'Р-137 АВТОМОБІЛЬНІ', NULL, 1),
(49, 'Р-137М АВТОМОБІЛЬНІ', NULL, 1),
(50, 'Р-137 Д АВТОМОБІЛЬНІ', NULL, 1),
(51, 'Р-137 БТР', NULL, 1),
(52, 'Р-137БР', NULL, 1),
(53, 'Р-167 СТАЦІОНАРНІ', NULL, 1),
(54, 'Р-167 БЛОЧНІ', NULL, 1),
(55, 'Р-137БЛОЧНІ', NULL, 1),
(56, 'Р-137М СТАЦІОНАРНІ', NULL, 1),
(57, 'Р-137 Д СТАЦІОНАРНІ', NULL, 1),
(58, 'Р-137 СТАЦІОНАРНІ', NULL, 1),
(59, 'АРБАЛЕТ - 500КБ', NULL, 7),
(60, 'АРБАЛЕТ - 500КА', NULL, 7),
(61, 'АРБАЛЕТ - 250КА', NULL, 7),
(62, 'Р-156БТР', NULL, 7),
(63, 'Р-118АМ3 БТР', NULL, 7),
(64, 'Р-118БМ АВТОМОБІЛЬНІ', NULL, 7),
(65, 'Р-118БМ-2 АВТОМОБІЛЬНІ', NULL, 7),
(66, 'Р-118БМ -3 АВТОМОБІЛЬНІ', NULL, 7),
(67, 'Р-118 АВТОМОБІЛЬНІ', NULL, 7),
(68, 'Р-140-0,5 АВТОМОБІЛЬНІ', NULL, 7),
(69, 'Р-103 АВТОМОБІЛЬНІ', NULL, 7),
(70, 'Р-103 М АВТОМОБІЛЬНІ', NULL, 7),
(71, 'АРБАЛЕТ - 500КС', NULL, 7),
(72, 'АРБАЛЕТ - 250КС', NULL, 7),
(73, 'АРБАЛЕТ - 250К', NULL, 7),
(74, 'Р-140-0,5 СТАЦІОНАРНІ', NULL, 7),
(75, 'Р-140-0,5 БЛОЧНІ', NULL, 7),
(76, 'Р-118УМ СТАЦІОНАРНІ', NULL, 7),
(77, 'Р-118УМ -3 СТАЦІОНАРНІ', NULL, 7),
(78, 'Р-118 М2 СТАЦІОНАРНІ', NULL, 7),
(79, 'Р-118 СТАЦІОНАРНІ', NULL, 7),
(80, 'Р-103 М СТАЦІОНАРНІ', NULL, 7),
(81, 'Р-142 АВТОМОБІЛЬНІ', NULL, 32),
(82, 'Р-142Н АВТОМОБІЛЬНІ', NULL, 32),
(83, 'Р-142Н БЕЗ ЗАЗ', NULL, 32),
(84, 'Р-142Г', NULL, 32),
(85, 'Р-142НМ АВТОМОБІЛЬНІ', NULL, 32),
(86, 'Р-142Н ІМПОРТ АВТОМОБІЛЬНІ', NULL, 32),
(87, 'Р-142Д АВТОМОБІЛЬНІ', NULL, 32),
(88, 'Р-125Б1', NULL, 32),
(89, 'Р-125Б2', NULL, 32),
(90, 'Р-125МТ2', NULL, 32),
(91, 'Р-125МТ2 БЕЗ ЗАЗ', NULL, 32),
(92, 'Р-125МТ2М', NULL, 32),
(93, 'Р-125МТ БЕЗ ЗАЗ', NULL, 32),
(94, 'Р-125М', NULL, 32),
(95, 'Р-125', NULL, 32),
(96, 'Р-104АМ', NULL, 32),
(97, 'Р-104АМ3', NULL, 32),
(98, 'Р-142Н СТАЦІОНАРНІ', NULL, 31),
(99, 'Р-142 СТАЦІОНАРНІ', NULL, 31),
(100, 'Р-142Д СТАЦІОНАРНІ', NULL, 31),
(101, 'Р-125Б1 СТАЦІОНАРНІ', NULL, 31),
(102, 'Р-125Б2 СТАЦІОНАРНІ', NULL, 31),
(103, 'Р-125МТ СТАЦІОНАРНІ', NULL, 31),
(104, 'Р-125МТ2 СТАЦІОНАРНІ', NULL, 31),
(105, 'Р-104АМ3 СТАЦІОНАРНІ', NULL, 31),
(106, 'РАДІОСТАНЦІЯ БАЗОВА \"KENWOOD\" TK-8302M2', NULL, 31),
(107, 'Р-104УМУ', NULL, 1),
(108, 'Р-104УМ', NULL, 1),
(109, 'Р-163-10У', NULL, 1),
(110, 'Р-159М', NULL, 1),
(111, 'Р-159', NULL, 1),
(112, 'Р-159 З ПНЧ', NULL, 1),
(113, 'Р-107', NULL, 1),
(114, 'Р-107М', NULL, 1),
(115, 'Р-105', NULL, 1),
(116, 'РАДІОСТАНЦІЯ Р-005У ШИФР \"АКАЦІЯ-ВН\"', NULL, 1),
(117, 'РАДІОСТАНЦІЯ УКХ Р-030У ШИФР \"АКАЦІЯ-ВВ\"', NULL, 1),
(118, 'Р-105М', NULL, 1),
(119, 'Р-105Д', NULL, 1),
(120, 'Р-108', NULL, 1),
(121, 'Р-108М', NULL, 1),
(122, 'Р-108Д', NULL, 1),
(123, 'Р-109', NULL, 1),
(124, 'Р-109М', NULL, 1),
(125, 'Р-109Д', NULL, 1),
(126, 'РАДІОСТАНЦІЯ УКХ ПОРТАТИВНА 2ВТ, (ШИФР \"АКАЦІЯ-ПП\")', NULL, 1),
(127, 'РАДІОРЕЛЕЙНА СТАНЦІЯ HARRIS ETHERNET RF-7800W', NULL, 1),
(128, 'ПОРТАТИВНА БАГАТОДІАПАЗОННА РАДІОСТАНЦІЯ HARRIS RF-7850M', NULL, 1),
(129, 'НОСИМА БАГАТОДІАПАЗОННА РАДІОСТАНЦІЯ HARRIS RF-7800H-MP (20W)', NULL, 1),
(130, 'БАГАТОДІАПАЗОННА РАДІОСТАНЦІЯ HARRIS RF-7800H-TM (150W)', NULL, 1),
(131, 'КОРОТКОХВИЛЬОВА РАДІОСТАНЦІЯ MPR-9600-MP (20W)', NULL, 1),
(132, 'АВТОМОБІЛЬНА КОРОТКОХВИЛЬОВА РАДІОСТАНЦІЯ MPR-9600-MP (125W)', NULL, 1),
(133, 'РАДІОСТАНЦІЯ HARRIS RF-5800V-MP (50W)', NULL, 1),
(134, 'РАДІОСТАНЦІЯ HARRIS RF-5800H-MP (150W)', NULL, 1),
(135, 'РАДІОСТАНЦІЯ PNR-1000', NULL, 1),
(136, 'РАДІОСТАНЦІЯ PNR-1000V', NULL, 1),
(137, 'РАДІОСТАНЦІЯ VRC-950', NULL, 1),
(138, 'РАДІОСТАНЦІЯ VRC-950HDR', NULL, 1),
(139, 'Р-163-1У', NULL, 1),
(140, 'Р-158', NULL, 1),
(141, 'Р-148', NULL, 1),
(142, 'Р-126', NULL, 1),
(143, 'Р-162-0,1', NULL, 1),
(144, 'Р-162-0,1У', NULL, 1),
(145, 'Р-163-0,5У', NULL, 1),
(146, 'Р-163-0,5Р', NULL, 1),
(147, 'Р-163-0,1У', NULL, 1),
(148, 'Р-157', NULL, 1),
(149, 'Р-147', NULL, 1),
(150, 'РАДІОСТАНЦІЯ УКХ \"MICRONET PSTR 0.04\"', NULL, 1),
(151, 'РАДІОСТАНЦІЯ, МОБІЛЬНА, MOTOROLA GM300, УВЧ, 403 - 433МГЦ', NULL, 19),
(152, 'РАДІОСТАНЦІЯ, МОБІЛЬНА, MOTOROLA GM900, УВЧ, 403 - 470МГЦ, 16 КАНАЛІВ, 20 - 25ВТ', NULL, 19),
(153, 'РАДІОСТАНЦІЯ, ПОРТАТИВНА, ALINCO DJ-182', NULL, 19),
(154, 'РАДІОСТАНЦІЯ, ПОРТАТИВНА, MOTOROLA GP340, УКХ, 16 КАНАЛІВ, БЕЗ КЛАВІАТУРИ', NULL, 19),
(155, 'РАДІОСТАНЦІЯ, ПОРТАТИВНА, MOTOROLA GP900, УВЧ, 403 - 470МГЦ, 16 КАНАЛІВ, 4ВТ, БЕЗ НАБІРНОЇ ПАНЕЛІ', NULL, 19),
(156, 'РАДІОСТАНЦІЯ, ПОРТАТИВНА, MOTOROLA SABER I, УКХ', NULL, 19),
(157, 'РАДІОСТАНЦІЯ, ПОРТАТИВНА, MOTOROLA SABER I, УКХ, 6ВТ', NULL, 19),
(158, 'РАДІОСТАНЦІЯ, ПОРТАТИВНА, MOTOROLA SABER III, УКХ', NULL, 19),
(159, 'РАДІОСТАНЦІЯ, ПОРТАТИВНА, MOTOROLA GP900, УВЧ, 403 - 470МГЦ, 16 КАНАЛІВ, 4ВТ, З НАБІРНОЮ ПАНЕЛЛЮ', NULL, 19),
(160, 'РАДІОСТАНЦІЯ, БАЗОВА, ALINCO DR-130TEZ', NULL, 19),
(161, 'РАДІОСТАНЦІЯ, БАЗОВА, MOTOROLA P1750, МОБІЛЬНА', NULL, 19),
(162, 'РАДІОСТАНЦІЯ, БАЗОВА, MOTOROLA P1755A, МОБІЛЬНА', NULL, 19),
(163, 'РАДІОСТАНЦІЯ, БАЗОВА, MOTOROLA T5365, QUANTAR, УКХ, 132 - 174МГЦ, 25 - 125ВТ', NULL, 19),
(164, 'РАДІОСТАНЦІЯ, БАЗОВА, MOTOROLA T5365A, QUANTAR, УВЧ, 440 - 470МГЦ, 125ВТ', NULL, 19),
(165, 'Р-114Д', NULL, 1),
(166, 'Р-163-10К', NULL, 1),
(167, 'Р-163-1К', NULL, 1),
(168, 'Р-131', NULL, 1),
(169, 'Р-163-10В', NULL, 1),
(170, 'Р-163-1В', NULL, 1),
(171, 'Р-138', NULL, 1),
(172, 'Р-407', NULL, 1),
(173, 'Р-132А', NULL, 1),
(174, 'Р-132В', NULL, 1),
(175, 'РАДІОСТАНЦІЯ НОСИМА \"KENWOOD\" TK2060', NULL, 19),
(176, 'РАДІОСТАНЦІЯ НОСИМА \"KENWOOD\" TK2260', NULL, 19),
(177, 'РАДІОСТАНЦІЯ НОСИМА \"KENWOOD\" TK7060', NULL, 19),
(178, 'РАДІОСТАНЦІЯ НОСИМА \"KENWOOD\" TK-3000M', NULL, 19),
(179, 'Р-152', NULL, 1),
(180, 'Р-129', NULL, 1),
(181, 'Р-173М', NULL, 1),
(182, 'Р-173', NULL, 1),
(183, 'Р-123МТ', NULL, 1),
(184, 'Р-123М', NULL, 1),
(185, 'Р-123', NULL, 1),
(186, 'Р-113(26 В)', NULL, 1),
(187, 'Р-113(13 В)', NULL, 1),
(188, 'Р-171М', NULL, 1),
(189, 'Р-171', NULL, 1),
(190, 'Р-111М', NULL, 1),
(191, 'Р-111', NULL, 1),
(192, 'Р-163-50К', NULL, 1),
(193, 'Р-134', NULL, 1),
(194, 'Р-130М', NULL, 1),
(195, 'Р-130', NULL, 1),
(196, 'РАДІОСТАНЦІЯ КОРОТКОХВИЛЬОВА Р-1150', NULL, 1),
(197, 'Р-143', NULL, 1),
(198, 'Р-163М4', NULL, 1),
(199, 'Р-163-10В', NULL, 1),
(200, 'Р-163-50У', NULL, 1),
(201, 'РАДІОСТАНЦІЯ ВОЗИМА \"KENWOOD\" TK-8302M2', NULL, 19),
(202, 'РАДІОСТАНЦІЯ \"KENWOOD\" TK-90 (КОРОТКОХВИЛЬОВОГО ДІАПАЗОНУ)', NULL, 19),
(203, 'УМ-1', NULL, 11),
(204, 'УМ-2', NULL, 11),
(205, 'УМ-3', NULL, 11),
(206, 'ШОЛОМОФОН ШШ - 1', NULL, 11),
(207, 'БМД-1КШ', NULL, 32),
(208, 'Р-145-БМ-2', NULL, 32),
(209, 'Р-145-БМ', NULL, 32),
(210, 'Р-145-Б', NULL, 32),
(211, 'Р-145-К', NULL, 32),
(212, 'К1Ш1 \"КУШЕТКА-Б\"', NULL, 32),
(213, 'БТР-50ПУМ-1', NULL, 32),
(214, 'БТР-50ПУ', NULL, 32),
(215, 'Р-145БМ СТАЦІОНАРНІ', NULL, 32),
(216, 'Р-145Б СТАЦІОНАРНІ', NULL, 32),
(217, 'БРДМ-УМ', NULL, 32),
(218, 'БРДМ-РУ', NULL, 32),
(219, 'Р-146А', NULL, 32),
(220, 'Р-146', NULL, 32),
(221, 'Р-142 Г1', NULL, 32),
(222, 'РУХОМІ КОМАНДНІ ПУНКТИ \"БОР-А\"', NULL, 15),
(223, 'Р-423-1 АВТОМОБІЛЬНІ', NULL, 3),
(224, 'СТАНЦІЯ ТРОПОСФЕРНОГО ЗВ`ЯЗКУ Р-423-1МУ', NULL, 3),
(225, 'Р-420 АВТОМОБІЛЬНІ', NULL, 3),
(226, 'Р-417 АВТОМОБІЛЬНІ', NULL, 3),
(227, 'СТАНЦІЯ ТРОПОСФЕРНОГО ЗВ`ЯЗКУ Р-417 МУ', NULL, 3),
(228, 'Р-410М АВТОМОБІЛЬНІ', NULL, 3),
(229, 'Р-410 АВТОМОБІЛЬНІ', NULL, 3),
(230, 'Р-410М-7,5 АВТОМОБІЛЬНІ', NULL, 3),
(231, 'Р-410-7,5 АВТОМОБІЛЬНІ', NULL, 3),
(232, 'Р-410М-5,5 АВТОМОБІЛЬНІ', NULL, 3),
(233, 'Р-410-5,5 АВТОМОБІЛЬНІ', NULL, 3),
(234, 'Р-420 СТАЦІОНАРНІ', NULL, 3),
(235, 'Р-417 СТАЦІОНАРНІ', NULL, 3),
(236, 'Р-410М СТАЦІОНАРНІ', NULL, 3),
(237, 'Р-410 СТАЦІОНАРНІ', NULL, 3),
(238, 'Р-423-1 СТАЦІОНАРНІ', NULL, 3),
(239, 'Р-410М-10 СТАЦІОНАРНІ', NULL, 3),
(240, 'Р-410М-10С СТАЦІОНАРНІ', NULL, 3),
(241, 'Р-410-10 СТАЦІОНАРНІ', NULL, 3),
(242, 'Р-410М-7,5 СТАЦІОНАРНІ', NULL, 3),
(243, 'Р-410-7,5 СТАЦІОНАРНІ', NULL, 3),
(244, 'Р-410М-5,5 СТАЦІОНАРНІ', NULL, 3),
(245, 'Р-410-5,5 СТАЦІОНАРНІ', NULL, 3),
(246, 'Р-423-2 АВТОМОБІЛЬНІ', NULL, 3),
(247, 'Р-412Б', NULL, 3),
(248, 'Р-412Ф АВТОМОБІЛЬНІ', NULL, 3),
(249, 'Р-412А АВТОМОБІЛЬНІ', NULL, 3),
(250, 'Р-412 АВТОМОБІЛЬНІ', NULL, 3),
(251, 'Р-412С СТАЦІОНАРНІ', NULL, 3),
(252, 'Р-423-2 СТАЦІОНАРНІ', NULL, 3),
(253, 'Р-412 СТАЦІОНАРНІ', NULL, 3),
(254, 'Р-412Б СТАЦІОНАРНІ', NULL, 3),
(255, 'Р-412А СТАЦІОНАРНІ', NULL, 3),
(256, 'Р-412Ф СТАЦІОНАРНІ', NULL, 3),
(257, 'Р-418Б АВТОМОБІЛЬНІ', NULL, 2),
(258, 'Р-416Г АВТОМОБІЛЬНІ', NULL, 2),
(259, 'Р-406ВЧ АВТОМОБІЛЬНІ', NULL, 2),
(260, 'Р-414-3 АВТОМОБІЛЬНІ', NULL, 2),
(261, 'Р-414-4 АВТОМОБІЛЬНІ', NULL, 2),
(262, 'Р-404М-3 АВТОМОБІЛЬНІ', NULL, 2),
(263, 'Р-404М-4 АВТОМОБІЛЬНІ', NULL, 2),
(264, 'Р-404 АВТОМОБІЛЬНІ', NULL, 2),
(265, 'РАДІОРЕЛЕЙНА СТАНЦІЯ Р-425С1', NULL, 2),
(266, 'РАДІОРЕЛЕЙНА СТАНЦІЯ Р-425С2', NULL, 2),
(267, 'РАДІОРЕЛЕЙНА СТАНЦІЯ Р-425С3', NULL, 2),
(268, 'Р-414МУ АВТОМОБІЛЬНА', NULL, 2),
(269, 'Р-414МУ-01 АВТОМОБІЛЬНА', NULL, 2),
(270, 'Р-414МУ-02 АВТОМОБІЛЬНА', NULL, 2),
(271, 'Р-414МУ-03 АВТОМОБІЛЬНА', NULL, 2),
(272, 'МАШИНА А1М1', NULL, 2),
(273, 'МАШИНА А1М1-01', NULL, 2),
(274, 'МАШИНА А1М1-02', NULL, 2),
(275, 'МАШИНА А1М1-03', NULL, 2),
(276, 'МАШИНА А2М1', NULL, 2),
(277, 'МАШИНА А2М1-01', NULL, 2),
(278, 'Р-418 СТАЦІОНАРНІ', NULL, 2),
(279, 'Р-406ВЧ СТАЦІОНАРНІ', NULL, 2),
(280, 'Р-416 СТАЦІОНАРНІ', NULL, 2),
(281, 'Р-414 СТАЦІОНАРНІ', NULL, 2),
(282, 'Р-404М СТАЦІОНАРНІ', NULL, 2),
(283, 'Р-404 СТАЦІОНАРНІ', NULL, 2),
(284, 'ГРАНИТ- С  СТАЦІОНАРНІ', NULL, 2),
(285, 'СТАНЦІЯ РАДІОРЕЛЕЙНА Р-450 (ШИФР \"АКАЦІЯ\")', NULL, 2),
(286, 'ЦИФРОВА РАДІОРЕЛЕЙНА СТАНЦІЯ ALCOMA', NULL, 2),
(287, 'ЦИФРОВА РАДІОРЕЛЕЙНА СТАНЦІЯ ЭРА-07', NULL, 2),
(288, 'ЦИФРОВА РАДІОРЕЛЕЙНА СТАНЦІЯ TRANSCEND 800', NULL, 2),
(289, 'РАДІОРЕЛЕЙНА СТАНЦІЯ Р-402', NULL, 2),
(290, 'РАДІОРЕЛЕЙНА СТАНЦІЯ Р-402-01', NULL, 2),
(291, 'РАДІОРЕЛЕЙНА СТАНЦІЯ Р-402-02', NULL, 2),
(292, 'Р-419БР', NULL, 2),
(293, 'Р-419А АВТОМОБІЛЬНІ', NULL, 2),
(294, 'Р-419 АВТОМОБІЛЬНІ', NULL, 2),
(295, 'Р-409 АВТОМОБІЛЬНІ', NULL, 2),
(296, 'Р-409М АВТОМОБІЛЬНІ', NULL, 2),
(297, 'Р-409МА АВТОМОБІЛЬНІ', NULL, 2),
(298, 'Р-409М1 АВТОМОБІЛЬНІ', NULL, 2),
(299, 'Р-409М2 АВТОМОБІЛЬНІ', NULL, 2),
(300, 'Р-415-3А АВТОМОБІЛЬНІ', NULL, 2),
(301, 'Р-405 АВТОМОБІЛЬНІ', NULL, 2),
(302, 'Р-405М АВТОМОБІЛЬНІ', NULL, 2),
(303, 'Р-415-3Д АВТОМОБІЛЬНІ', NULL, 2),
(304, 'Р-415НВ АВТОМОБІЛЬНІ', NULL, 2),
(305, 'Р-415Н АВТОМОБІЛЬНІ', NULL, 2),
(306, 'Р-415В АВТОМОБІЛЬНІ', NULL, 2),
(307, 'ОБЛАДНАННЯ РАДІОДОСТУПУ EPMP FORCE 100 5 GHZ', NULL, 2),
(308, 'Р-419 СТАЦІОНАРНІ', NULL, 2),
(309, 'Р-419С СТАЦІОНАРНІ', NULL, 2),
(310, 'Р-419СП СТАЦІОНАРНІ', NULL, 2),
(311, 'Р-419СЯ СТАЦІОНАРНІ', NULL, 2),
(312, 'Р-409 СТАЦІОНАРНІ', NULL, 2),
(313, 'Р-409М СТАЦІОНАРНІ', NULL, 2),
(314, 'Р-409М1 СТАЦІОНАРНІ', NULL, 2),
(315, 'Р-409МА СТАЦІОНАРНІ', NULL, 2),
(316, 'Р-409МС СТАЦІОНАРНІ', NULL, 2),
(317, 'Р-409М2 СТАЦІОНАРНІ', NULL, 2),
(318, 'Р-415Н СТАЦІОНАРНІ', NULL, 2),
(319, 'Р-415В СТАЦІОНАРНІ', NULL, 2),
(320, 'Р-415НВ СТАЦІОНАРНІ', NULL, 2),
(321, 'АЗИД-1 СТАЦІОНАРНІ', NULL, 2),
(322, 'Р-405 СТАЦІОНАРНІ', NULL, 2),
(323, 'Р-405ПК СТАЦІОНАРНІ', NULL, 2),
(324, 'Р-405М СТАЦІОНАРНІ', NULL, 2),
(325, 'Р-405М3 СТАЦІОНАРНІ', NULL, 2),
(326, 'Р-405МПТ-1М СТАЦІОНАРНІ', NULL, 2),
(327, 'Р-441У АВТОМОБІЛЬНІ', NULL, 4),
(328, 'Р-440-У АВТОМОБІЛЬНІ', NULL, 4),
(329, 'Р-441-О АВТОМОБІЛЬНІ', NULL, 4),
(330, 'Р-440-О АВТОМОБІЛЬНІ', NULL, 4),
(331, 'СТАНЦІЇ СУПУТНИКОВОГО ЗВ`ЯЗКУ \"КРИСТАЛ-АБ\" АВТОМОБІЛЬНІ', NULL, 4),
(332, 'Р-440-А АВТОМОБІЛЬНІ', NULL, 4),
(333, 'Р-440-ОД АВТОМОБІЛЬНІ', NULL, 4),
(334, 'Р-439 АВТОМОБІЛЬНІ', NULL, 4),
(335, 'СТАНЦІЇ СУПУТНИКОВОГО ЗВ`ЯЗКУ \"ЛЕГЕНДА - 2\"', NULL, 4),
(336, 'ТЕРМІНАЛ СУПУТНИКОВОГО ЗВ`ЯЗКУ VIASAT (SURFBEAM 2)', NULL, 4),
(337, 'МОБІЛЬНИЙ КОМПЛЕКТ СУПУТНИКОВОГО ЗВ\'ЯЗКУ v.1-POE (MKCЗ v.1-POE)', NULL, 4),
(338, 'Р-441У СТАЦІОНАРНІ', NULL, 4),
(339, 'Р-440-УН СТАЦІОНАРНІ', NULL, 4),
(340, 'Р-440АБ СТАЦІОНАРНІ', NULL, 4),
(341, 'Р-439 СТАЦІОНАРНІ', NULL, 4),
(342, 'Р-441-О СТАЦІОНАРНІ', NULL, 4),
(343, 'Р-440У СТАЦІОНАРНІ', NULL, 4),
(344, 'Р-440А СТАЦІОНАРНІ', NULL, 4),
(345, 'Р-440О СТАЦІОНАРНІ', NULL, 4),
(346, 'Р-440-АН СТАЦІОНАРНІ', NULL, 4),
(347, 'ТЕРМІНАЛ СУПУТНИКОВИЙ \"IRIDIUM\" 9555', NULL, 4),
(348, 'П-249К', NULL, 17),
(349, 'П-249М', NULL, 8),
(350, 'П-249', NULL, 2),
(351, 'П-249К СТАЦІОНАРНІ', NULL, 2),
(352, 'П-249 СТАЦІОНАРНІ', NULL, 2),
(353, 'Р-151М2', NULL, 2),
(354, 'Р-151М', NULL, 2),
(355, 'Р-151', NULL, 2),
(356, 'Р-150М1', NULL, 2),
(357, 'АПАРАТУРА К-24К', NULL, 5),
(358, 'АПАРАТУРА К-60П', NULL, 5),
(359, 'П-259', NULL, 30),
(360, 'П-259А', NULL, 30),
(361, 'П-258-60К', NULL, 30),
(362, 'П-257-60К', NULL, 30),
(363, 'П-258-24К', NULL, 30),
(364, 'П-258Б', NULL, 30),
(365, 'П-258-24/6К', NULL, 30),
(366, 'П-257-24К', NULL, 30),
(367, 'П-258А', NULL, 30),
(368, 'П-257-12К', NULL, 30),
(369, 'П-257А2', NULL, 30),
(370, 'П-234А', NULL, 30),
(371, 'П-235А', NULL, 30),
(372, 'П-235АМ', NULL, 30),
(373, 'П-255АМ', NULL, 30),
(374, 'П-255А', NULL, 30),
(375, 'П-258-60П', NULL, 30),
(376, 'П-257-60П', NULL, 30),
(377, 'П-258-24П', NULL, 30),
(378, 'П-257-24П', NULL, 30),
(379, 'П-234Б', NULL, 30),
(380, 'П-235Б', NULL, 30),
(381, 'П-258-60В', NULL, 30),
(382, 'П-257-60В', NULL, 30),
(383, 'П-258-24В', NULL, 30),
(384, 'П-257-24В', NULL, 30),
(385, 'П-257БВ', NULL, 30),
(386, 'П-234В', NULL, 30),
(387, 'П-235В ', NULL, 30),
(388, 'П-254', NULL, 30),
(389, 'П-254К-ПМ', NULL, 30),
(390, 'П-245КМ', NULL, 30),
(391, 'П-245К', NULL, 30),
(392, 'П-245М', NULL, 30),
(393, 'П-245', NULL, 30),
(394, 'П-245/254', NULL, 30),
(395, 'П-245КМ СТАЦІОНАРНІ', NULL, 30),
(396, 'П-245 СТАЦІОНАРНІ', NULL, 30),
(397, 'П-246-К', NULL, 30),
(398, 'П-246-КМ', NULL, 30),
(399, 'П-246-О', NULL, 30),
(400, 'П-246-М', NULL, 30),
(401, 'П-246', NULL, 30),
(402, 'ДУ УКК', NULL, 30),
(403, 'П-246К СТАЦІОНАРНІ', NULL, 30),
(404, 'П-246 СТАЦІОНАРНІ', NULL, 30),
(405, 'П-247М', NULL, 30),
(406, 'П-247', NULL, 30),
(407, 'АПАРАТНІ ТИПУ П-242ТН', NULL, 30),
(408, 'АПАРАТНІ ТИПУ П-244ТН', NULL, 30),
(409, 'П-247К СТАЦІОНАРНІ', NULL, 30),
(412, 'П-299', NULL, 30),
(413, 'П-299М1', NULL, 30),
(414, 'П-299М', NULL, 30),
(416, 'АТО-7', NULL, 26),
(417, 'АТО-6', NULL, 26),
(418, 'М-4М2', NULL, 26),
(419, 'М-4М', NULL, 26),
(420, 'АТО-7', NULL, 26),
(421, 'АТО-6', NULL, 26),
(422, 'М-4М2', NULL, 26),
(423, 'М-4М', NULL, 26),
(424, 'АТО-17М', NULL, 26),
(425, 'АТО-17', NULL, 26),
(426, 'М-5', NULL, 26),
(427, 'АТО-17М', NULL, 26),
(428, 'АТО-17', NULL, 26),
(429, 'М-5', NULL, 26),
(430, 'АТО-1', NULL, 26),
(431, 'АТО-2', NULL, 26),
(432, 'АТО-14', NULL, 26),
(433, 'АТО-34', NULL, 26),
(434, 'АТО-40', NULL, 26),
(435, 'АТО-21', NULL, 26),
(436, 'АТО-1', NULL, 26),
(437, 'АТО-2', NULL, 26),
(438, 'АТО-14', NULL, 26),
(439, 'АТО-34', NULL, 26),
(440, 'АТО-40', NULL, 26),
(441, 'АТО-21', NULL, 26),
(442, 'АТО-13', NULL, 26),
(443, 'АТО-13', NULL, 26),
(444, 'АТО-18М', NULL, 26),
(445, 'АТО-18', NULL, 26),
(446, 'М-6/2Т', NULL, 2),
(447, 'СТАНЦІЇ КОНТРОЛЬНО-ТЕХНІЧНІ  М-6/1Т', NULL, 2),
(448, 'М-7Т', NULL, 2),
(449, 'АТО-18М', NULL, 26),
(450, 'АТО-18', NULL, 26),
(451, 'М-6/2Т', NULL, 2),
(452, 'М-7Т', NULL, 2),
(453, 'ЦЕХ №1 ДЛЯ РЕМОНТУ КВ РАДІОСТАНЦІЙ СЕРЕДНЬОЇ ПОТУЖНОСТІ', NULL, 2),
(454, 'ЦЕХ №2 ДЛЯ РЕМОНТУ КВ І УКВ РАДІОСТАНЦІЙ МАЛОЇ ПОТУЖНОСТІ І ЛЕГКИХ РАДІОРЕЛЕЙНИХ СТАНЦІЙ', NULL, 2),
(455, 'ЦЕХ №3 ДЛЯ РЕМОНТУ ТЕЛЕГРАФНО-ТЕЛЕФОННОЇ АПАРАТУРИ', NULL, 2),
(456, 'ЦЕХ №4 ДЛЯ ВИКОНАННЯ СЛЮСАРНО-МЕХАНІЧНИХ РОБІТ', NULL, 2),
(457, 'М-2М2 (АТО-23;  24;  25;  26)', NULL, 2),
(458, 'М-2М', NULL, 2),
(459, 'МАЙСТЕРНІ ЗВ\'ЯЗКУ М-2', NULL, 26),
(460, 'МАЙСТЕРНІ ЗВ\'ЯЗКУ М-4', NULL, 26),
(461, 'МАЙСТЕРНІ ЗВ\'ЯЗКУ М-5 ', NULL, 26),
(462, 'М-2М2 (АТО-23;  24;  25;  26)', NULL, 2),
(463, 'М-2М', NULL, 2),
(464, 'АТО-4', NULL, 26),
(465, 'М-3М2 (АТО-31)', NULL, 2),
(466, 'М-3М', NULL, 2),
(467, 'М-3', NULL, 2),
(468, 'АТО-4', NULL, 26),
(469, 'М-3М2 (АТО-31)', NULL, 2),
(470, 'М-3М', NULL, 2),
(471, 'АПАРАТУРА ЦЕНТРОВА Р-397КЦ', NULL, 2),
(472, 'АПАРАТУРА ЦЕНТРОВА Р-397КЦМ', NULL, 2),
(473, 'Р-397ОК \"ОКОЛЫШ\"', NULL, 2),
(474, 'Р-397ПК', NULL, 2),
(475, 'Р-397ЛЦ', NULL, 2),
(476, 'ВИСЛА-М', NULL, 7),
(477, 'СВИЯГА', NULL, 2),
(478, 'РАДІОПРИЙМАЧ Р-397ЛК \"ЛЯПИС\"', NULL, 2),
(479, 'АВТОМАТИЗОВАНИЙ ПРИЙМАЛЬНИЙ КОМПЛЕКС \"ДОН-Ц\"', NULL, 2),
(480, 'ПРОГРАМНО-АПАРАТНИЙ КОМПЛЕКС \"ПРОМІНЬ\"', NULL, 2),
(481, 'АВТОМАТИЗОВАНЕ РОБОЧЕ МІСЦЕ ПЕРЕДАВАЛЬНЕ ПАК \"ПРОМІНЬ\"', NULL, 2),
(482, 'АВТОМАТИЗОВАНЕ РОБОЧЕ МІСЦЕ ПРИЙМАЛЬНЕ ПАК \"ПРОМІНЬ\"', NULL, 2),
(483, 'Р-352', NULL, 2),
(484, 'Р-353Л \"ЛУНЬ\"', NULL, 2),
(485, 'Р-353ЛА', NULL, 2),
(486, 'Р-353С \"ОЛЬХОН-С\"', NULL, 2),
(487, 'Р-392', NULL, 2),
(488, 'Р-394КМ \"СТРИЖ-КМ\"', NULL, 2),
(489, 'КХ РАДІОСТАНЦІЯ \"СЕВЕРОК-К\"', NULL, 2),
(490, 'КОРЕСПОНДЕНТСЬКА РАДІОСТАНЦІЯ КХ-ДІАПАЗОНУ RS-10', NULL, 2),
(491, 'КОМПЛЕКС МРСА \"ТАБУН\"', NULL, 2),
(492, 'АПАРАТУРА Р-394Т ', NULL, 2),
(493, 'АПАРАТУРА Р-394Ц ', NULL, 2),
(494, 'АПАРАТУРА Р-394ЦМ ', NULL, 2),
(495, 'АПАРАТУРА Р-394КЦ ', NULL, 2),
(496, 'АПАРАТУРА Р-394КЦМ ', NULL, 2),
(497, 'СТАНЦІЯ ЗОНДУВАННЯ ІОНОСФЕРИ \"ЗОНД\"', NULL, 2),
(498, 'СТАНЦІЯ ЗОНДУВАННЯ ІОНОСФЕРИ \"ЗОНД\" СТАЦІОНАРНА', NULL, 2),
(499, 'АПАРАТУРА \"ЛОЗА\"', NULL, 2),
(500, 'АПАРАТУРА \"ЛОЗА-М\"', 3200, 2),
(501, 'РАДІОМОДЕМ СПЕЦІАЛЬНОГО ПРИЗНАЧЕННЯ РМСП-1', NULL, 2),
(502, 'ПРОГРАМНО-АПАРАТНИЙ КОМПЛЕКС АВТОМАТИЗОВАНОГО ПРОХОДЖЕННЯ ІНФОРМАЦІЇ \"ТРЕМБІТА\" (ПАК \"ТРЕМБІТА\")', NULL, 2),
(511, 'Harris Falkon 3', 9000, 1),
(513, 'cisco 515-px', 200, 22),
(515, 'Сервер', 3200, 63);

-- --------------------------------------------------------

--
-- Структура таблицы `scope`
--

CREATE TABLE `scope` (
  `id` bigint(20) NOT NULL,
  `scope` varchar(255) DEFAULT NULL
) ENGINE=InnoDB DEFAULT CHARSET=utf8mb4;

--
-- Дамп данных таблицы `scope`
--

INSERT INTO `scope` (`id`, `scope`) VALUES
(1, 'Каналотворні'),
(2, 'Комутаційні'),
(3, 'Спеціальні'),
(4, 'Кінцеві'),
(5, 'Засоби забезпечення'),
(16, 'Програмне забезпечення');

-- --------------------------------------------------------

--
-- Структура таблицы `thing`
--

CREATE TABLE `thing` (
  `id` bigint(20) NOT NULL,
  `general_have` int(11) DEFAULT NULL,
  `general_need` int(11) DEFAULT NULL,
  `object_id` bigint(20) DEFAULT NULL,
  `unit_id` bigint(20) DEFAULT NULL,
  `create_date` date DEFAULT NULL
) ENGINE=InnoDB DEFAULT CHARSET=utf8mb4;

--
-- Дамп данных таблицы `thing`
--

INSERT INTO `thing` (`id`, `general_have`, `general_need`, `object_id`, `unit_id`, `create_date`) VALUES
(172, 200, 100, 269, 8, '2021-05-02'),
(173, 15, 100, 84, 8, '2021-05-02'),
(174, 22, 22, 360, 8, '2021-04-02'),
(175, 12, 50, 361, 8, '2021-04-02'),
(176, 12, 50, 362, 8, '2021-04-02'),
(177, 43, 56, 224, 8, '2021-04-02'),
(178, 12, 22, 225, 8, '2021-04-02'),
(179, 21, 33, 226, 8, '2021-04-02'),
(180, 12, 22, 226, 8, '2021-04-02'),
(181, 25, 100, 126, 12, '2021-05-03'),
(182, 22, 22, 360, 12, '2021-04-02'),
(183, 12, 50, 361, 12, '2021-04-02'),
(184, 12, 50, 362, 12, '2021-04-02'),
(185, 43, 56, 224, 12, '2021-04-02'),
(186, 12, 22, 225, 12, '2021-04-02'),
(187, 21, 33, 226, 12, '2021-04-02'),
(188, 12, 22, 226, 12, '2021-04-02'),
(189, 22, 22, 360, 13, '2021-04-02'),
(190, 12, 50, 361, 13, '2021-04-02'),
(191, 12, 50, 362, 13, '2021-04-02'),
(192, 43, 56, 224, 13, '2021-04-02'),
(193, 12, 22, 225, 13, '2021-04-02'),
(194, 21, 33, 226, 13, '2021-04-02'),
(195, 12, 22, 226, 13, '2021-04-02'),
(203, 22, 22, 360, 9, '2021-04-02'),
(204, 12, 50, 361, 9, '2021-04-02'),
(205, 12, 50, 362, 9, '2021-04-02'),
(206, 43, 56, 224, 9, '2021-04-02'),
(207, 12, 22, 225, 9, '2021-04-02'),
(208, 21, 33, 226, 9, '2021-04-02'),
(209, 12, 22, 226, 9, '2021-04-02'),
(211, 22, 22, 360, 11, '2021-04-02'),
(212, 12, 50, 361, 11, '2021-04-02'),
(213, 12, 50, 362, 11, '2021-04-02'),
(214, 43, 56, 224, 11, '2021-04-02'),
(215, 12, 22, 225, 11, '2021-04-02'),
(216, 21, 33, 226, 11, '2021-04-02'),
(217, 12, 22, 226, 11, '2021-04-02'),
(218, 13, 100, 515, 16, '2021-05-12'),
(219, 13, 100, 515, 16, '2021-05-15');

-- --------------------------------------------------------

--
-- Структура таблицы `type`
--

CREATE TABLE `type` (
  `id` bigint(20) NOT NULL,
  `type` varchar(255) DEFAULT NULL,
  `scope_id` bigint(20) DEFAULT NULL
) ENGINE=InnoDB DEFAULT CHARSET=utf8mb4;

--
-- Дамп данных таблицы `type`
--

INSERT INTO `type` (`id`, `type`, `scope_id`) VALUES
(1, 'УКХ радіостанції ', 1),
(2, 'Радіорелейні станції', 1),
(3, 'Тропосферні станції', 1),
(4, 'Станції космічного звязку', 1),
(5, 'Апаратні ущільнення', 1),
(7, 'КХ радіостанції', 1),
(8, 'Автоматичні телефонні станції', 2),
(9, 'Комутатори ', 2),
(10, 'Маршрутизатори', 2),
(11, 'Блоки комутації', 2),
(12, 'Апаратура передачі даних', 3),
(13, 'Апаратура засекречування', 3),
(14, 'АРПУ', 3),
(15, 'КРП', 3),
(16, 'Апаратні оповіщення', 3),
(17, 'Апаратні управління зв’язком', 3),
(18, 'Апаратні контролю безпеки зв’язку', 3),
(19, 'Транкінгові радіостанції', 1),
(20, 'Телефонні апарати', 4),
(21, 'Телеграфні апарати', 4),
(22, 'Факсимільні апарати', 4),
(23, 'Термінали мереж передачі даних', 4),
(24, 'АРМи', 4),
(25, 'Засоби електропостачання', 5),
(26, 'Апаратні технічного обслуговування', 5),
(27, 'Кабелеукладачі', 5),
(28, 'Кабельні машини', 5),
(29, 'Апаратні життєзабезпечення', 5),
(30, 'Проводові засоби', 1),
(31, 'КХ/УКХ радіостанції', 1),
(32, 'Командно-штабні машини', 3),
(58, 'Ретранслятори', 1),
(63, 'Операційна система', 16);

-- --------------------------------------------------------

--
-- Структура таблицы `unit`
--

CREATE TABLE `unit` (
  `id` bigint(20) NOT NULL,
  `name_unit` varchar(255) DEFAULT NULL,
  `parent_unit_id` bigint(20) DEFAULT NULL,
  `filename` varchar(255) DEFAULT NULL
) ENGINE=InnoDB DEFAULT CHARSET=utf8mb4;

--
-- Дамп данных таблицы `unit`
--

INSERT INTO `unit` (`id`, `name_unit`, `parent_unit_id`, `filename`) VALUES
(8, 'Сухопутні війська', NULL, 'avatarsc0679cae-7880-434f-b10a-cbd63a2ffc2d.Emblem_of_the_Ukrainian_Ground_Forces.svg.png'),
(9, 'Повітряні сили', NULL, NULL),
(10, 'Військово-Морські Сили', NULL, NULL),
(11, 'Десантно-штурмові війська', NULL, NULL),
(12, 'Сили спеціальних операцій', NULL, NULL),
(13, 'Командування Сухопутних військ', 8, NULL),
(14, 'Оперативне командування «Захід»', 8, NULL),
(16, 'Оперативне командування «Схід»', 8, NULL),
(17, 'Оперативне командування «Південь»', 8, NULL),
(18, 'Війська забезпечення бойової діяльності', 8, NULL),
(19, 'Корпус резерву', 8, NULL),
(20, 'Командування Повітряних Сил', 9, NULL),
(21, 'Повітряне командування «Захід»', 9, NULL),
(22, 'Повітряне командування «Південь»', 9, NULL),
(23, 'Повітряне командування «Центр»', 9, NULL),
(24, 'Повітряне командування «Схід»', 9, NULL),
(25, 'Командування Військово-Морських Сил', 10, NULL),
(26, 'Західна військово-морська база', 10, NULL),
(27, 'Південна військово-морська база', 10, NULL),
(28, 'А0222', 8, NULL),
(29, 'А1108', 13, NULL),
(30, 'А1546', 13, NULL),
(31, 'А4239', 13, NULL),
(32, 'А1476', 13, NULL),
(33, 'А3085', 13, NULL),
(44, 'Оперативне командування «Північ»', 8, NULL),
(47, 'А1515', 14, NULL),
(48, 'ВІТІ', 8, 'avatars88d8c881-03a8-47f8-bb7f-37a2605aa147.viti.png'),
(49, 'ВЗНП', 48, NULL),
(50, 'ВКСС', 48, NULL);

-- --------------------------------------------------------

--
-- Структура таблицы `user`
--

CREATE TABLE `user` (
  `id` bigint(20) NOT NULL,
  `name` varchar(255) DEFAULT NULL,
  `password` varchar(255) DEFAULT NULL,
  `roles` varchar(255) DEFAULT NULL
) ENGINE=InnoDB DEFAULT CHARSET=utf8mb4;

--
-- Дамп данных таблицы `user`
--

INSERT INTO `user` (`id`, `name`, `password`, `roles`) VALUES
(1, 'admin', '$2a$10$CuASso5VxXYHNW1hQLX3kOV3Ui8xQfnD1vB9.UiHcWtq77V/Dyuvi', 'Admin');

--
-- Индексы сохранённых таблиц
--

--
-- Индексы таблицы `object`
--
ALTER TABLE `object`
  ADD PRIMARY KEY (`id`),
  ADD KEY `FK40wm41mgx4sxv13ffa357xtec` (`type_id`);

--
-- Индексы таблицы `scope`
--
ALTER TABLE `scope`
  ADD PRIMARY KEY (`id`);

--
-- Индексы таблицы `thing`
--
ALTER TABLE `thing`
  ADD PRIMARY KEY (`id`),
  ADD KEY `FK807wph2xibgngcbiahqgqc8hl` (`object_id`),
  ADD KEY `FK4kv82au5ad1km6f02fn5e0nyb` (`unit_id`);

--
-- Индексы таблицы `type`
--
ALTER TABLE `type`
  ADD PRIMARY KEY (`id`),
  ADD KEY `FKi8fq1ftm7kx3hl8gr9i4lvrls` (`scope_id`);

--
-- Индексы таблицы `unit`
--
ALTER TABLE `unit`
  ADD PRIMARY KEY (`id`),
  ADD KEY `FKgs0tx1llvpysfbl9bo7qyjsjn` (`parent_unit_id`);

--
-- Индексы таблицы `user`
--
ALTER TABLE `user`
  ADD PRIMARY KEY (`id`);

--
-- AUTO_INCREMENT для сохранённых таблиц
--

--
-- AUTO_INCREMENT для таблицы `object`
--
ALTER TABLE `object`
  MODIFY `id` bigint(20) NOT NULL AUTO_INCREMENT, AUTO_INCREMENT=516;

--
-- AUTO_INCREMENT для таблицы `scope`
--
ALTER TABLE `scope`
  MODIFY `id` bigint(20) NOT NULL AUTO_INCREMENT, AUTO_INCREMENT=17;

--
-- AUTO_INCREMENT для таблицы `thing`
--
ALTER TABLE `thing`
  MODIFY `id` bigint(20) NOT NULL AUTO_INCREMENT, AUTO_INCREMENT=220;

--
-- AUTO_INCREMENT для таблицы `type`
--
ALTER TABLE `type`
  MODIFY `id` bigint(20) NOT NULL AUTO_INCREMENT, AUTO_INCREMENT=64;

--
-- AUTO_INCREMENT для таблицы `unit`
--
ALTER TABLE `unit`
  MODIFY `id` bigint(20) NOT NULL AUTO_INCREMENT, AUTO_INCREMENT=51;

--
-- AUTO_INCREMENT для таблицы `user`
--
ALTER TABLE `user`
  MODIFY `id` bigint(20) NOT NULL AUTO_INCREMENT, AUTO_INCREMENT=2;

--
-- Ограничения внешнего ключа сохраненных таблиц
--

--
-- Ограничения внешнего ключа таблицы `object`
--
ALTER TABLE `object`
  ADD CONSTRAINT `FK40wm41mgx4sxv13ffa357xtec` FOREIGN KEY (`type_id`) REFERENCES `type` (`id`);

--
-- Ограничения внешнего ключа таблицы `thing`
--
ALTER TABLE `thing`
  ADD CONSTRAINT `FK4kv82au5ad1km6f02fn5e0nyb` FOREIGN KEY (`unit_id`) REFERENCES `unit` (`id`),
  ADD CONSTRAINT `FK807wph2xibgngcbiahqgqc8hl` FOREIGN KEY (`object_id`) REFERENCES `object` (`id`);

--
-- Ограничения внешнего ключа таблицы `type`
--
ALTER TABLE `type`
  ADD CONSTRAINT `FKi8fq1ftm7kx3hl8gr9i4lvrls` FOREIGN KEY (`scope_id`) REFERENCES `scope` (`id`);

--
-- Ограничения внешнего ключа таблицы `unit`
--
ALTER TABLE `unit`
  ADD CONSTRAINT `FKgs0tx1llvpysfbl9bo7qyjsjn` FOREIGN KEY (`parent_unit_id`) REFERENCES `unit` (`id`);
COMMIT;

/*!40101 SET CHARACTER_SET_CLIENT=@OLD_CHARACTER_SET_CLIENT */;
/*!40101 SET CHARACTER_SET_RESULTS=@OLD_CHARACTER_SET_RESULTS */;
/*!40101 SET COLLATION_CONNECTION=@OLD_COLLATION_CONNECTION */;
